"","Chr","Pos","B73","Mo17"
"4429",2,159308756,"T","C"
"4430",2,159575448,"G","GT"
"4431",2,160571940,"C","A"
"4432",2,160571953,"C","T"
"4433",2,160571959,"C","T"
"4434",2,160571976,"A","G"
"4435",2,160571992,"T","G"
"4436",2,160572005,"C","T"
"4437",2,160572009,"T","A"
"4438",2,160621169,"G","A"
"4439",2,160621535,"G","A"
"4440",2,160621545,"T","G"
"4441",2,161172234,"T","C"
"4442",2,161172452,"C","T"
"4443",2,161172480,"C","T"
"4444",2,161173699,"G","A"
"4445",2,161415843,"T","C"
"4446",2,161416033,"C","T"
"4447",2,161416047,"G","C"
"4448",2,161416137,"G","A"
"4449",2,161416584,"A","G"
"4450",2,161416681,"T","C"
"4451",2,161416774,"T","C"
"4452",2,161430982,"G","A"
"4453",2,161431037,"T","C"
"4454",2,161431280,"A","C"
"4455",2,161431292,"T","C"
"4456",2,161431484,"T","C"
"4457",2,161431487,"C","T"
"4458",2,161431622,"A","C"
"4459",2,161431709,"T","G"
"4460",2,161431946,"A","G"
"4461",2,161432804,"T","C"
"4462",2,161433244,"G","A"
"4463",2,161590767,"GCT","G"
"4464",2,161590822,"C","CA"
"4465",2,161590915,"A","C"
"4466",2,161595284,"T","C"
"4467",2,161595356,"T","C"
"4468",2,161595479,"T","C"
"4469",2,161679093,"T","A"
"4470",2,161679868,"T","C"
"4471",2,161680399,"A","G"
"4472",2,161681485,"G","A"
"4473",2,161681578,"G","T"
"4474",2,161681737,"G","A"
"4475",2,161682708,"A","G"
"4476",2,161682791,"C","T"
"4477",2,161683005,"A","G"
"4478",2,161683009,"A","T"
"4479",2,161760060,"C","T"
"4480",2,161763265,"TTA","T"
"4481",2,161763370,"T","C"
"4482",2,161763399,"AG","A"
"4483",2,161771458,"TTA","T"
"4486",2,161831535,"T","C"
"4488",2,162726359,"C","CA"
"4489",2,163100408,"C","CA"
"4490",2,163594340,"C","A"
"4491",2,163598336,"A","G"
"4492",2,163616001,"T","A"
"4493",2,164078534,"C","T"
"4494",2,164078641,"A","G"
"4495",2,164078666,"AG","A"
"4496",2,164078680,"A","G"
"4497",2,164078808,"G","C"
"4498",2,164078841,"G","A"
"4499",2,164084694,"C","T"
"4500",2,164085966,"G","A"
"4501",2,164086284,"G","A"
"4502",2,164460683,"A","G"
"4503",2,164821900,"G","C"
"4504",2,164822160,"T","C"
"4505",2,164822217,"T","G"
"4506",2,164822361,"C","T"
"4507",2,164822948,"T","C"
"4508",2,164822951,"G","A"
"4509",2,165106583,"G","A"
"4510",2,165300914,"C","T"
"4511",2,165357289,"CCT","C"
"4512",2,165515762,"C","A"
"4513",2,165515907,"T","C"
"4514",2,165516017,"C","A"
"4515",2,165516021,"C","T"
"4516",2,165516112,"A","G"
"4517",2,165516324,"C","T"
"4518",2,165522829,"T","C"
"4519",2,165523367,"C","A"
"4520",2,165523451,"T","C"
"4521",2,165621365,"G","A"
"4522",2,165621513,"T","C"
"4523",2,165621646,"C","T"
"4524",2,165621749,"C","T"
"4525",2,165621950,"C","G"
"4526",2,165621983,"C","G"
"4527",2,165622034,"T","A"
"4528",2,165622313,"A","G"
"4529",2,165622610,"G","T"
"4530",2,165737419,"C","T"
"4531",2,165737454,"A","G"
"4532",2,165737662,"T","C"
"4533",2,165737878,"C","G"
"4534",2,165738011,"G","T"
"4535",2,165738101,"T","TC"
"4537",2,165738586,"G","A"
"4538",2,165738970,"C","T"
"4539",2,165740264,"A","G"
"4540",2,165896222,"A","C"
"4541",2,165896521,"G","C"
"4542",2,165896698,"G","A"
"4543",2,165897499,"A","G"
"4544",2,165897511,"T","C"
"4545",2,165897670,"T","C"
"4546",2,165897763,"G","A"
"4547",2,165897814,"T","G"
"4548",2,165897890,"C","G"
"4549",2,165897912,"T","G"
"4550",2,165898043,"C","A"
"4551",2,165898051,"T","C"
"4552",2,165898559,"A","G"
"4553",2,165898648,"T","C"
"4554",2,165898652,"C","A"
"4555",2,165898665,"A","G"
"4556",2,165898675,"C","A"
"4557",2,165898734,"A","G"
"4558",2,165898797,"G","A"
"4559",2,165898855,"T","C"
"4560",2,165898875,"C","T"
"4561",2,166249192,"A","G"
"4562",2,166249251,"A","G"
"4563",2,166307164,"T","C"
"4564",2,166307170,"C","T"
"4565",2,166974055,"G","T"
"4566",2,167130012,"G","T"
"4568",2,167191121,"G","A"
"4569",2,167247291,"G","A"
"4570",2,167840433,"C","T"
"4571",2,167840697,"A","G"
"4572",2,167841603,"C","G"
"4573",2,167962097,"T","C"
"4574",2,167962258,"A","G"
"4575",2,167962327,"C","T"
"4576",2,167962485,"C","T"
"4577",2,167962503,"G","A"
"4579",2,167962716,"C","A"
"4580",2,167962741,"C","G"
"4581",2,167962863,"A","G"
"4582",2,167967515,"G","A"
"4583",2,167997964,"A","C"
"4584",2,167997991,"G","A"
"4585",2,167998246,"C","T"
"4586",2,167998850,"CAT","C"
"4587",2,167998998,"G","C"
"4588",2,167999141,"A","T"
"4589",2,167999147,"G","C"
"4590",2,167999239,"C","T"
"4591",2,167999263,"A","G"
"4592",2,168046649,"A","T"
"4593",2,168046674,"G","A"
"4594",2,168046803,"T","C"
"4595",2,168046982,"A","AT"
"4596",2,168047231,"C","CT"
"4597",2,168047709,"C","T"
"4598",2,168047710,"T","C"
"4599",2,168047740,"C","A"
"4600",2,168047752,"C","G"
"4601",2,168053491,"C","T"
"4602",2,168053628,"A","C"
"4603",2,168054835,"A","C"
"4604",2,168055745,"A","G"
"4605",2,168486183,"T","C"
"4606",2,168613206,"G","A"
"4607",2,168929025,"A","G"
"4608",2,168990212,"G","A"
"4609",2,168990432,"G","A"
"4610",2,168990469,"A","G"
"4611",2,168990529,"G","A"
"4612",2,168990548,"C","T"
"4613",2,168990633,"T","G"
"4614",2,168990654,"C","T"
"4615",2,168990661,"C","T"
"4616",2,168990689,"T","C"
"4617",2,169038420,"C","CA"
"4618",2,169038437,"G","A"
"4619",2,169038441,"T","C"
"4620",2,169038450,"A","C"
"4621",2,169038460,"C","T"
"4622",2,169038466,"C","T"
"4623",2,169038497,"C","T"
"4624",2,169038510,"G","A"
"4625",2,169038541,"C","T"
"4626",2,169040950,"T","C"
"4627",2,169040961,"A","C"
"4628",2,169041049,"C","T"
"4629",2,169186939,"G","A"
"4630",2,169186975,"C","CT"
"4631",2,169187014,"T","C"
"4632",2,169187070,"C","G"
"4633",2,169187282,"G","C"
"4634",2,169337620,"C","A"
"4635",2,169338841,"G","GCT"
"4636",2,169340271,"A","G"
"4637",2,169340702,"C","T"
"4638",2,169341174,"A","G"
"4640",2,169341560,"A","G"
"4641",2,169341642,"TA","T"
"4642",2,169571696,"A","G"
"4643",2,169572554,"T","A"
"4644",2,169572725,"C","T"
"4645",2,169572728,"T","G"
"4646",2,169573370,"T","C"
"4647",2,170119537,"G","A"
"4648",2,170119547,"C","T"
"4649",2,170119553,"G","A"
"4650",2,170119567,"A","C"
"4651",2,170128754,"T","C"
"4652",2,170130075,"C","T"
"4653",2,170151960,"A","C"
"4654",2,170368061,"G","A"
"4655",2,170373268,"C","T"
"4656",2,170373465,"A","C"
"4657",2,170395279,"C","T"
"4658",2,170395285,"C","T"
"4659",2,170395369,"C","T"
"4660",2,170395426,"A","G"
"4661",2,170396232,"A","G"
"4662",2,170396483,"T","C"
"4663",2,170396561,"A","G"
"4664",2,170396611,"G","T"
"4665",2,170396654,"G","A"
"4666",2,170396678,"G","A"
"4667",2,170397012,"A","C"
"4668",2,170397738,"T","C"
"4669",2,170397783,"T","C"
"4670",2,170397810,"C","G"
"4671",2,170398644,"CT","CTT,C"
"4672",2,170441926,"A","T"
"4674",2,170444849,"T","C"
"4675",2,170445662,"T","C"
"4676",2,170445694,"T","TA"
"4677",2,170445741,"C","T"
"4678",2,170860132,"A","C"
"4679",2,170860980,"T","A"
"4680",2,170861220,"G","T"
"4681",2,170861259,"C","A"
"4682",2,170861585,"T","C"
"4683",2,170861618,"C","T"
"4684",2,170931811,"AG","A"
"4685",2,170931837,"C","T"
"4686",2,170931945,"G","A"
"4687",2,170932007,"C","T"
"4688",2,170932022,"A","C"
"4689",2,170932870,"A","G"
"4690",2,170934590,"A","G"
"4691",2,171022503,"T","A"
"4692",2,171313267,"C","T"
"4693",2,171315771,"A","G"
"4695",2,171410973,"C","T"
"4696",2,171411163,"C","T"
"4697",2,171411193,"T","C"
"4698",2,171411373,"T","C"
"4699",2,171411415,"C","T"
"4700",2,171411948,"C","T"
"4701",2,171522891,"C","CA"
"4702",2,171554833,"G","A"
"4703",2,171704771,"T","C"
"4705",2,171707106,"C","T"
"4707",2,171708417,"A","C"
"4708",2,171708758,"C","T"
"4709",2,171708821,"G","A"
"4710",2,171708925,"T","C"
"4711",2,171709018,"G","GA"
"4712",2,171709169,"A","G"
"4713",2,171709216,"T","G"
"4714",2,171709399,"C","T"
"4715",2,171709780,"T","G"
"4716",2,171709875,"T","C"
"4717",2,171710117,"G","T"
"4718",2,171710171,"T","C"
"4719",2,171710263,"C","T"
"4721",2,171710304,"T","C"
"4722",2,171710342,"T","C"
"4723",2,171710863,"G","C"
"4724",2,171710887,"T","C"
"4725",2,171710888,"C","A"
"4726",2,171710967,"T","C"
"4727",2,171710980,"G","A"
"4730",2,172162551,"T","C"
"4731",2,172374028,"A","G"
"4732",2,172374073,"G","A"
"4733",2,172374148,"C","T"
"4734",2,172375403,"G","A"
"4735",2,172375879,"A","C"
"4736",2,172375978,"T","C"
"4738",2,172376611,"G","A"
"4741",2,172377177,"C","CT"
"4742",2,172377195,"G","A"
"4743",2,172377266,"G","A"
"4744",2,172377308,"A","G"
"4745",2,172377371,"C","A"
"4746",2,172377407,"G","A"
"4747",2,172377574,"A","C"
"4748",2,172377635,"C","T"
"4749",2,172378025,"T","C"
"4750",2,172380061,"G","T"
"4751",2,172380148,"T","C"
"4752",2,172380238,"C","T"
"4753",2,172380298,"C","A"
"4754",2,172383943,"G","C"
"4755",2,172387353,"T","A"
"4756",2,172463131,"A","G"
"4757",2,172463457,"C","A"
"4758",2,172464018,"T","C"
"4759",2,172464848,"T","G"
"4760",2,172784563,"G","GA,GAA"
"4761",2,172890717,"A","C"
"4762",2,173344491,"G","A"
"4763",2,173344526,"G","C"
"4764",2,173344891,"A","C"
"4765",2,173346826,"A","T"
"4766",2,173346910,"T","C"
"4767",2,173347945,"G","C"
"4768",2,173431939,"C","A"
"4769",2,173431945,"G","A"
"4770",2,173432239,"T","C"
"4771",2,173432680,"G","C"
"4772",2,173432860,"A","G"
"4773",2,173495934,"C","T"
"4774",2,173495947,"G","A"
"4775",2,173495990,"C","A"
"4776",2,173496115,"C","T"
"4777",2,173849115,"G","A"
"4778",2,173929089,"C","T"
"4779",2,173929191,"G","T"
"4780",2,174069099,"T","C"
"4781",2,174247629,"A","C"
"4782",2,174247706,"G","T"
"4783",2,174247734,"CA","C"
"4784",2,174247829,"G","A"
"4785",2,174247862,"T","C"
"4786",2,174247994,"T","C"
"4787",2,174248132,"T","G"
"4788",2,174248399,"T","C"
"4789",2,174248471,"A","G"
"4790",2,174249526,"G","A"
"4791",2,174419361,"A","G"
"4792",2,174423580,"G","A"
"4793",2,174424606,"G","A"
"4794",2,174424638,"C","T"
"4795",2,174586666,"T","C"
"4796",2,174586696,"G","T"
"4797",2,174586779,"C","CTG"
"4798",2,174586969,"A","G"
"4799",2,174586989,"A","G"
"4804",2,174587835,"T","C"
"4805",2,174588053,"G","A"
"4806",2,174588975,"A","C"
"4807",2,174740417,"C","T"
"4808",2,174740651,"T","C"
"4809",2,174743375,"G","A"
"4810",2,174744335,"C","G"
"4811",2,174769094,"G","A"
"4812",2,174978866,"G","C"
"4813",2,175112688,"G","T"
"4814",2,175112706,"G","T"
"4815",2,175113034,"G","C"
